Id,domain_no,hmm_species,chain_type,e-value,score,seqstart_index,seqend_index,identity_species,v_gene,v_identity,j_gene,j_identity,101,102,103,104,105,106,107,108,109,110,111,112,113,114,115,116,117,118,119,120,121,122,123,124,125,151,152,153,154,155,156,157,195,196,197,198,199,201,202,203,204,205,206,207,208,209,210,211,212,213,214,251,252,253,254,255,288,289,290,291,292,293,294,295,296,297,298,299,301,302,303,304,305,306,307,308,309,310,311,312,313,314,315,316,317,318,319,320,321,322,323,324,325,326,327,328,329,330,331,332,351,352,353,354,355,356,357,358,359,360,361,387,388,389,390,391,392,393,394,395,396,397,398,399,401,402,403,404,405,406,407,408,409,410,411
Brivekimig1_1,0,human,H,4.5e-53,169.9,0,123,human,IGHV3-23*04,0.82,IGHJ4*01,0.93,D,V,Q,L,V,E,S,G,G,G,V,V,Q,P,G,G,S,L,R,L,S,C,A,A,S,G,R,T,F,S,S,-,I,Y,A,K,G,W,F,R,Q,A,P,G,K,E,R,E,F,V,A,A,I,S,R,S,G,R,S,T,S,Y,A,D,S,V,K,G,R,F,T,I,S,R,D,N,S,K,N,T,V,Y,L,Q,M,N,S,L,R,P,E,D,T,A,L,Y,Y,C,A,A,V,G,G,A,T,T,-,-,-,-,-,-,-,-,-,-,V,T,A,S,E,W,D,Y,W,G,Q,G,T,L,V,T,V,S,S
Brivekimig1_2,0,human,H,3.1e-53,170.5,0,123,human,IGHV3-23*04,0.83,IGHJ4*01,0.93,E,V,Q,L,V,E,S,G,G,G,V,V,Q,P,G,G,S,L,R,L,S,C,A,A,S,G,R,T,F,S,S,-,I,Y,A,K,G,W,F,R,Q,A,P,G,K,E,R,E,F,V,A,A,I,S,R,S,G,R,S,T,S,Y,A,D,S,V,K,G,R,F,T,I,S,R,D,N,S,K,N,T,V,Y,L,Q,M,N,S,L,R,P,E,D,T,A,L,Y,Y,C,A,A,V,G,G,A,T,T,-,-,-,-,-,-,-,-,-,-,V,T,A,S,E,W,D,Y,W,G,Q,G,T,L,V,T,V,S,S
Brivekimig2,0,human,H,4.2e-51,163.6,0,114,human,IGHV3-23*04,0.87,IGHJ5*01,0.64,E,V,Q,L,V,E,S,G,G,G,V,V,Q,P,G,G,S,L,R,L,S,C,A,A,S,G,F,T,F,R,S,-,-,F,G,M,S,W,V,R,Q,A,P,G,K,G,P,E,W,V,S,S,I,S,G,S,G,S,D,T,L,Y,A,D,S,V,K,G,R,F,T,I,S,R,D,N,S,K,N,T,L,Y,L,Q,M,N,S,L,R,P,E,D,T,A,L,Y,Y,C,T,I,G,G,S,-,-,-,-,-,-,-,-,-,-,-,-,-,-,-,-,-,-,L,S,R,S,S,Q,G,T,L,V,T,V,S,S
Caplacizumab,0,human,H,3.7e-48,154.0,0,127,human,IGHV3-23*04,0.82,IGHJ5*01,0.71,E,V,Q,L,V,E,S,G,G,G,L,V,Q,P,G,G,S,L,R,L,S,C,A,A,S,G,R,T,F,S,Y,-,-,N,P,M,G,W,F,R,Q,A,P,G,K,G,R,E,L,V,A,A,I,S,R,T,G,G,S,T,Y,Y,P,D,S,V,E,G,R,F,T,I,S,R,D,N,A,K,R,M,V,Y,L,Q,M,N,S,L,R,A,E,D,T,A,V,Y,Y,C,A,A,A,G,V,R,A,E,D,G,-,-,-,-,-,R,V,R,T,L,P,S,E,Y,T,F,W,G,Q,G,T,Q,V,T,V,S,S
Enristomig_1,0,human,H,6.6e-48,153.2,0,110,human,IGHV3-23*01,0.77,IGHJ4*01,0.79,E,V,Q,L,L,E,S,G,G,G,E,V,Q,P,G,G,S,L,R,L,S,C,A,A,S,G,G,I,F,A,I,-,-,K,P,I,S,W,Y,R,Q,A,P,G,K,Q,R,E,W,V,S,T,T,T,S,-,S,G,A,T,N,Y,A,E,S,V,K,G,R,F,T,I,S,R,D,N,A,K,N,T,L,Y,L,Q,M,S,S,L,R,A,E,D,T,A,V,Y,Y,C,N,V,F,-,-,-,-,-,-,-,-,-,-,-,-,-,-,-,-,-,-,-,-,-,E,Y,W,G,Q,G,T,L,V,T,V,K,P
Enristomig_2,0,human,H,2.3e-48,154.7,0,120,human,IGHV3-23*03,0.78,IGHJ4*01,0.71,E,V,Q,L,L,E,S,G,G,G,E,V,Q,P,G,G,S,L,R,L,S,C,A,A,S,G,F,S,F,S,I,-,-,N,A,M,G,W,Y,R,Q,A,P,G,K,R,R,E,F,V,A,A,I,E,S,-,G,R,N,T,V,Y,A,E,S,V,K,G,R,F,T,I,S,R,D,N,A,K,N,T,V,Y,L,Q,M,S,S,L,R,A,E,D,T,A,V,Y,Y,C,G,L,L,K,G,N,R,-,-,-,-,-,-,-,-,-,-,-,V,V,S,P,S,V,A,Y,W,G,Q,G,T,L,V,T,V,K,P
Envafolimab,0,human,H,3.6e-49,157.3,0,127,human,IGHV3-66*01,0.78,IGHJ1*01,0.93,Q,V,Q,L,V,E,S,G,G,G,L,V,Q,P,G,G,S,L,R,L,S,C,A,A,S,G,K,M,S,S,R,-,-,R,C,M,A,W,F,R,Q,A,P,G,K,E,R,E,R,V,A,K,L,L,T,T,S,G,S,T,Y,L,A,D,S,V,K,G,R,F,T,I,S,R,D,N,S,K,N,T,V,Y,L,Q,M,N,S,L,R,A,E,D,T,A,V,Y,Y,C,A,A,D,S,F,E,D,P,T,C,-,-,-,-,-,T,L,V,T,S,S,G,A,F,Q,Y,W,G,Q,G,T,L,V,T,V,S,S
Erfonrilimab_2,0,human,H,8.8e-54,172.2,0,127,human,IGHV3-23*04,0.86,IGHJ4*01,0.93,Q,V,Q,L,V,E,S,G,G,G,L,V,Q,P,G,G,S,L,R,L,S,C,A,A,S,G,Y,I,Y,S,A,-,-,Y,C,M,G,W,F,R,Q,A,P,G,K,G,L,E,G,V,A,A,I,Y,I,G,G,G,S,T,Y,Y,A,D,S,V,K,G,R,F,T,I,S,R,D,N,S,K,N,T,L,Y,L,Q,M,N,S,L,R,A,E,D,T,A,V,Y,Y,C,A,A,D,V,I,P,T,E,T,C,-,-,-,-,-,L,G,G,S,W,S,G,P,F,G,Y,W,G,Q,G,T,L,V,T,V,S,S
Gacovetug,0,human,H,1e-46,149.4,0,120,human,IGHV3-64*04,0.70,IGHJ6*03,0.79,Q,V,Q,L,Q,E,S,G,G,G,L,V,Q,P,G,G,S,L,R,L,S,C,T,A,S,G,S,I,S,S,I,-,-,N,A,M,G,W,Y,R,Q,A,P,G,S,K,R,E,F,V,A,H,I,T,N,-,T,G,V,T,E,F,A,D,S,V,K,G,R,F,T,I,S,R,D,N,A,K,T,T,V,D,L,Q,M,N,S,L,K,P,E,D,T,A,V,Y,Y,C,A,A,T,D,W,G,T,-,-,-,-,-,-,-,-,-,-,-,L,L,I,K,G,I,D,H,W,G,K,G,T,Q,V,T,V,S,S
Gefurulimab_1,0,human,H,2.2e-52,167.7,0,122,human,IGHV3-21*08,0.79,IGHJ4*01,0.93,E,V,Q,L,V,E,S,G,G,G,L,V,K,P,G,G,S,L,R,L,S,C,A,A,S,G,R,P,V,S,N,-,-,Y,A,A,A,W,F,R,Q,A,P,G,K,E,R,E,F,V,S,A,I,N,W,-,Q,K,T,A,T,Y,A,D,S,V,K,G,R,F,T,I,S,R,D,N,A,K,N,S,L,Y,L,Q,M,N,S,L,R,A,E,D,T,A,V,Y,Y,C,A,A,V,F,R,V,V,A,-,-,-,-,-,-,-,-,-,P,K,T,Q,Y,D,Y,D,Y,W,G,Q,G,T,L,V,T,V,S,S
Gefurulimab_2,0,human,H,6.4e-51,163.0,0,125,human,IGHV3-23*04,0.81,IGHJ4*01,0.93,E,V,Q,L,V,E,S,G,G,G,L,V,Q,P,G,G,S,L,R,L,S,C,A,A,S,G,R,A,H,S,D,-,-,Y,A,M,A,W,F,R,Q,A,P,G,Q,E,R,E,F,V,A,G,I,G,W,S,G,G,D,T,L,Y,A,D,S,V,R,G,R,F,T,N,S,R,D,N,S,K,N,T,L,Y,L,Q,M,N,S,L,R,A,E,D,T,A,V,Y,Y,C,A,A,R,Q,G,Q,Y,I,Y,-,-,-,-,-,-,-,S,S,M,R,S,D,S,Y,D,Y,W,G,Q,G,T,L,V,T,V,S,S
Gocatamig1,0,human,H,1.5e-52,168.3,0,114,human,IGHV3-23*04,0.87,IGHJ5*01,0.64,E,V,Q,L,V,E,S,G,G,G,L,V,Q,P,G,N,S,L,R,L,S,C,A,A,S,G,F,T,F,S,K,-,-,F,G,M,S,W,V,R,Q,A,P,G,K,G,L,E,W,V,S,S,I,S,G,S,G,R,D,T,L,Y,A,D,S,V,K,G,R,F,T,I,S,R,D,N,A,K,T,T,L,Y,L,Q,M,N,S,L,R,P,E,D,T,A,V,Y,Y,C,T,I,G,G,S,-,-,-,-,-,-,-,-,-,-,-,-,-,-,-,-,-,-,L,S,V,S,S,Q,G,T,L,V,T,V,S,S
Gocatamig2,0,human,H,1.1e-45,146.0,0,116,human,IGHV3-48*01,0.74,IGHJ4*01,0.86,E,V,Q,L,V,E,S,G,G,G,L,V,Q,P,G,G,S,L,T,L,S,C,A,A,S,S,S,S,V,S,L,-,-,L,S,L,A,W,Y,R,Q,A,P,G,K,K,R,E,L,V,A,G,I,S,D,-,D,G,S,I,V,Y,M,D,S,V,K,G,R,F,T,I,S,R,D,N,A,K,N,S,V,Y,L,Q,M,N,S,L,R,A,E,D,T,A,V,Y,Y,C,Y,A,Y,S,W,I,-,-,-,-,-,-,-,-,-,-,-,-,-,-,-,T,R,S,P,Y,W,G,Q,G,T,L,V,T,V,S,S
Gontivimab_1,0,human,H,2.7e-43,138.3,0,125,human,IGHV3-23*04,0.65,IGHJ2*01,0.79,D,V,Q,L,V,E,S,G,G,G,L,V,Q,A,G,G,S,L,S,I,S,C,A,A,S,G,G,S,L,S,N,-,-,Y,V,L,G,W,F,R,Q,A,P,G,K,E,R,E,F,V,A,A,I,N,W,R,G,D,I,T,I,G,P,P,N,V,E,G,R,F,T,I,S,R,D,N,A,K,N,T,G,Y,L,Q,M,N,S,L,A,P,D,D,T,A,V,Y,Y,C,G,A,G,T,P,L,N,P,G,-,-,-,-,-,-,-,A,Y,I,Y,D,W,S,Y,D,Y,W,G,R,G,T,Q,V,T,V,S,S
Gontivimab_2,0,human,H,1.8e-43,138.8,0,125,human,IGHV3-23*04,0.66,IGHJ2*01,0.79,E,V,Q,L,V,E,S,G,G,G,L,V,Q,A,G,G,S,L,S,I,S,C,A,A,S,G,G,S,L,S,N,-,-,Y,V,L,G,W,F,R,Q,A,P,G,K,E,R,E,F,V,A,A,I,N,W,R,G,D,I,T,I,G,P,P,N,V,E,G,R,F,T,I,S,R,D,N,A,K,N,T,G,Y,L,Q,M,N,S,L,A,P,D,D,T,A,V,Y,Y,C,G,A,G,T,P,L,N,P,G,-,-,-,-,-,-,-,A,Y,I,Y,D,W,S,Y,D,Y,W,G,R,G,T,Q,V,T,V,S,S
Isecarosmab_1,0,human,H,4.5e-52,166.7,0,123,human,IGHV3-23*04,0.79,IGHJ4*01,0.86,D,V,Q,L,V,E,S,G,G,G,V,V,Q,P,G,G,S,L,R,L,S,C,A,A,S,G,R,T,V,S,S,-,-,Y,A,M,G,W,F,R,Q,A,P,G,K,E,R,E,F,V,A,G,I,S,R,S,A,E,R,T,Y,Y,V,D,S,L,K,G,R,F,T,I,S,R,D,N,S,K,N,T,V,Y,L,Q,M,N,S,L,R,P,E,D,T,A,L,Y,Y,C,A,A,D,L,D,P,N,R,-,-,-,-,-,-,-,-,-,I,F,S,R,E,E,Y,A,Y,W,G,Q,G,T,L,V,T,V,S,S
Isecarosmab_2,0,human,H,7.4e-52,166.0,0,114,human,IGHV3-23*04,0.86,IGHJ5*01,0.64,E,V,Q,L,V,E,S,G,G,G,V,V,Q,P,G,N,S,L,R,L,S,C,A,A,S,G,F,T,F,S,S,-,-,F,G,M,S,W,V,R,Q,A,P,G,K,G,L,E,W,V,S,S,I,S,G,S,G,S,D,T,L,Y,A,D,S,V,K,G,R,F,T,I,S,R,D,N,A,K,T,T,L,Y,L,Q,M,N,S,L,R,P,E,D,T,A,L,Y,Y,C,T,I,G,G,S,-,-,-,-,-,-,-,-,-,-,-,-,-,-,-,-,-,-,L,S,R,S,S,Q,G,T,L,V,T,V,S,S
Letolizumab,0,human,H,1.5e-53,171.4,0,117,human,IGHV3-23*01,0.88,IGHJ4*01,0.86,E,V,Q,L,L,E,S,G,G,G,L,V,Q,P,G,G,S,L,R,L,S,C,A,A,S,G,F,T,F,N,W,-,-,E,L,M,G,W,A,R,Q,A,P,G,K,G,L,E,W,V,S,G,I,E,G,P,G,D,V,T,Y,Y,A,D,S,V,K,G,R,F,T,I,S,R,D,N,S,K,N,T,L,Y,L,Q,M,N,S,L,R,A,E,D,T,A,V,Y,Y,C,V,K,V,G,K,D,-,-,-,-,-,-,-,-,-,-,-,-,-,-,-,A,K,S,D,Y,R,G,Q,G,T,L,V,T,V,S,S
Lofacimig_1,0,human,H,6.4e-49,156.5,0,129,human,IGHV3-64*04,0.81,IGHJ4*01,0.86,Q,V,Q,L,V,E,S,G,G,G,S,V,Q,A,G,G,S,L,R,L,S,C,A,A,S,G,H,T,Y,S,S,-,N,Y,C,M,A,W,F,R,Q,A,P,G,K,E,R,E,G,V,A,A,I,Y,S,-,D,G,S,T,S,Y,A,D,S,V,K,G,R,F,T,I,S,K,D,N,S,K,N,T,L,Y,L,Q,M,N,S,L,R,A,E,D,T,A,V,Y,Y,C,A,A,T,A,Y,E,G,S,W,T,G,-,-,-,K,Q,P,L,C,L,L,Y,E,Y,T,Y,W,G,Q,G,T,L,V,T,V,S,S
Lofacimig_2,0,human,H,2.7e-45,144.8,0,124,human,IGHV3-64*04,0.77,IGHJ4*01,0.86,Q,V,Q,L,V,E,S,G,G,-,S,V,Q,A,G,G,S,L,R,L,S,C,T,A,S,E,F,T,F,D,D,-,-,S,D,M,A,W,Y,R,Q,A,P,G,N,E,C,E,L,V,S,T,I,T,S,-,D,G,G,T,Y,Y,A,D,S,V,K,G,R,F,T,I,S,Q,D,N,S,K,N,T,M,Y,L,Q,M,N,S,L,R,A,E,D,T,A,V,Y,Y,C,A,A,D,Q,W,G,S,A,E,G,-,-,-,-,-,-,D,C,T,S,S,Y,P,G,G,Y,W,G,Q,G,T,L,V,T,V,S,S
Lunsekimig1_1,0,human,H,5.4e-51,163.2,0,122,human,IGHV3-23*04,0.81,IGHJ4*01,0.86,D,V,Q,L,V,E,S,G,G,G,V,V,Q,P,G,G,S,L,R,L,S,C,A,A,S,G,R,T,F,S,S,-,-,Y,R,M,G,W,F,R,Q,A,P,G,K,E,R,E,F,V,A,A,L,S,G,D,G,Y,S,T,Y,T,A,N,S,V,K,G,R,F,T,I,S,R,D,N,S,K,N,T,V,Y,L,Q,M,N,S,L,R,P,E,D,T,A,L,Y,Y,C,A,A,K,L,Q,Y,V,S,-,-,-,-,-,-,-,-,-,-,G,W,S,Y,D,Y,P,Y,W,G,Q,G,T,L,V,T,V,S,S
Lunsekimig1_2,0,human,H,4.2e-57,182.9,0,125,human,IGHV3-43*02,0.88,IGHJ4*01,0.93,E,V,Q,L,V,E,S,G,G,G,V,V,Q,P,G,G,S,L,R,L,S,C,A,A,S,G,F,T,F,N,N,-,-,Y,A,M,K,W,V,R,Q,A,P,G,K,G,L,E,W,V,S,S,I,T,T,G,G,G,S,T,D,Y,A,D,S,V,K,G,R,F,T,I,S,R,D,N,S,K,N,T,L,Y,L,Q,M,N,S,L,R,P,E,D,T,A,L,Y,Y,C,A,N,V,P,F,G,Y,Y,S,-,-,-,-,-,-,-,E,H,F,S,G,L,S,F,D,Y,R,G,Q,G,T,L,V,T,V,S,S
Lunsekimig2_1,0,human,H,2.5e-45,144.9,0,116,human,IGHV3-66*01,0.72,IGHJ5*01,0.79,E,V,Q,L,V,E,S,G,G,G,V,V,Q,P,G,G,S,L,R,L,S,C,A,A,S,G,S,G,F,G,V,-,-,N,I,L,Y,W,Y,R,Q,A,A,G,I,E,R,E,L,I,A,S,I,T,S,-,G,G,I,T,N,Y,V,D,S,V,K,G,R,F,T,I,S,R,D,N,S,E,N,T,M,Y,L,Q,M,N,S,L,R,A,E,D,T,G,L,Y,Y,C,A,S,R,N,I,F,-,-,-,-,-,-,-,-,-,-,-,-,-,-,-,D,G,T,T,E,W,G,Q,G,T,L,V,T,V,S,S
Lunsekimig3,0,human,H,1.8e-53,171.2,0,126,human,IGHV3-43*02,0.83,IGHJ5*02,1.00,E,V,Q,L,V,E,S,G,G,G,V,V,Q,P,G,G,S,L,R,L,S,C,A,A,S,G,F,T,F,A,D,Y,D,Y,D,I,G,W,F,R,Q,A,P,G,K,E,R,E,G,V,S,C,I,S,N,R,D,G,S,T,Y,Y,A,D,S,V,K,G,R,F,T,I,S,R,D,N,S,K,N,T,V,Y,L,Q,M,N,S,L,R,P,E,D,T,A,L,Y,Y,C,A,V,E,I,H,C,D,D,Y,-,-,-,-,-,-,-,-,G,V,E,N,F,D,F,D,P,W,G,Q,G,T,L,V,T,V,S,S
Ozekibart,0,human,H,3.9e-51,163.7,0,122,human,IGHV3-23*01,0.82,IGHJ4*01,0.79,E,V,Q,L,L,E,S,G,G,G,E,V,Q,P,G,G,S,L,R,L,S,C,A,A,S,G,L,T,F,P,N,-,-,Y,G,M,G,W,F,R,Q,A,P,G,K,E,R,E,F,V,S,A,I,Y,W,S,G,G,T,V,Y,Y,A,E,S,V,K,G,R,F,T,I,S,R,D,N,A,K,N,T,L,Y,L,Q,M,S,S,L,R,A,E,D,T,A,V,Y,Y,C,A,V,T,I,R,G,A,A,-,-,-,-,-,-,-,-,-,-,T,Q,T,W,K,Y,D,Y,W,G,Q,G,T,L,V,T,V,K,P
Ozoralizumab_1,0,human,H,1.3e-55,178.2,0,114,human,IGHV3-74*01,0.89,IGHJ5*01,0.79,E,V,Q,L,V,E,S,G,G,G,L,V,Q,P,G,G,S,L,R,L,S,C,A,A,S,G,F,T,F,S,D,-,-,Y,W,M,Y,W,V,R,Q,A,P,G,K,G,L,E,W,V,S,E,I,N,T,N,G,L,I,T,K,Y,P,D,S,V,K,G,R,F,T,I,S,R,D,N,A,K,N,T,L,Y,L,Q,M,N,S,L,R,P,E,D,T,A,V,Y,Y,C,A,R,S,P,S,-,-,-,-,-,-,-,-,-,-,-,-,-,-,-,-,-,-,G,F,N,R,G,Q,G,T,L,V,T,V,S,S
Ozoralizumab_2,0,human,H,1.9e-52,167.9,0,114,human,IGHV3-23*04,0.88,IGHJ5*01,0.64,E,V,Q,L,V,E,S,G,G,G,L,V,Q,P,G,N,S,L,R,L,S,C,A,A,S,G,F,T,F,S,S,-,-,F,G,M,S,W,V,R,Q,A,P,G,K,G,L,E,W,V,S,S,I,S,G,S,G,S,D,T,L,Y,A,D,S,V,K,G,R,F,T,I,S,R,D,N,A,K,T,T,L,Y,L,Q,M,N,S,L,R,P,E,D,T,A,V,Y,Y,C,T,I,G,G,S,-,-,-,-,-,-,-,-,-,-,-,-,-,-,-,-,-,-,L,S,R,S,S,Q,G,T,L,V,T,V,S,S
Podentamig1_1,0,human,H,3.4e-44,141.2,0,118,human,IGHV3-23*04,0.73,IGHJ4*01,0.79,E,V,Q,L,V,E,S,G,G,G,L,V,Q,P,G,R,S,L,T,L,S,C,A,A,S,T,N,I,F,S,I,-,-,S,P,Y,G,W,Y,R,Q,A,P,G,K,Q,R,E,L,V,A,A,I,H,G,-,-,T,S,T,L,Y,A,D,S,V,K,G,R,F,T,I,S,R,D,N,A,K,N,S,I,Y,L,Q,M,N,S,L,R,P,E,D,T,A,L,Y,Y,C,N,K,V,P,W,G,D,-,-,-,-,-,-,-,-,-,-,-,-,Y,H,P,G,N,V,Y,W,G,Q,G,T,Q,V,T,V,S,S
Porustobart,0,human,H,3.2e-61,196.2,0,118,human,IGHV3-53*01,0.95,IGHJ3*02,1.00,E,V,Q,L,V,E,S,G,G,G,L,I,Q,P,G,G,S,L,R,L,S,C,A,V,S,G,F,T,V,S,K,-,-,N,Y,M,S,W,V,R,Q,A,P,G,K,G,L,E,W,V,S,V,V,Y,S,-,G,G,S,K,T,Y,A,D,S,V,K,G,R,F,T,I,S,R,D,N,S,K,N,T,L,Y,L,Q,M,N,S,L,R,A,E,D,T,A,V,Y,Y,C,A,R,A,V,P,H,S,-,-,-,-,-,-,-,-,-,-,-,-,-,P,S,S,F,D,I,W,G,Q,G,T,M,V,T,V,S,S
Produvofusp,0,human,H,6.8e-54,172.6,0,128,human,IGHV3-23*04,0.89,IGHJ4*01,0.93,Q,V,Q,L,V,E,S,G,G,G,L,V,K,P,G,G,S,L,R,L,S,C,A,A,S,G,R,T,F,S,S,-,-,Y,A,M,G,W,F,R,Q,A,P,G,K,E,R,E,F,V,S,A,I,S,G,S,G,G,S,T,Y,Y,A,D,S,V,K,G,R,F,T,I,S,R,D,N,A,K,N,S,L,Y,L,Q,M,N,S,L,R,A,E,D,T,A,V,Y,Y,C,A,A,D,L,G,D,G,S,W,V,D,-,-,-,-,Y,V,N,A,E,P,Y,E,Y,D,Y,W,G,Q,G,T,L,V,T,V,S,S
Pumitamig2,0,human,H,8.9e-55,175.4,0,114,human,IGHV3-74*01,0.89,IGHJ5*01,0.64,E,V,Q,L,Q,E,S,G,G,G,L,V,Q,P,G,G,S,L,R,L,S,C,A,A,S,G,F,T,F,S,S,-,-,Y,W,M,Y,W,L,R,Q,A,P,G,K,G,L,E,W,V,S,S,I,N,S,D,S,S,S,T,Y,Y,R,D,S,V,K,G,R,F,T,I,S,R,D,N,A,K,N,T,L,Y,L,Q,M,N,S,L,K,S,E,D,T,A,V,Y,Y,C,A,K,D,P,G,-,-,-,-,-,-,-,-,-,-,-,-,-,-,-,-,-,-,G,Y,A,K,G,Q,G,T,Q,V,T,V,S,S
Rimteravimab,0,human,H,3.1e-54,173.7,0,124,human,IGHV3-23*04,0.83,IGHJ4*01,0.93,D,V,Q,L,V,E,S,G,G,G,L,V,Q,P,G,G,S,L,R,L,S,C,A,A,S,G,R,T,F,S,E,-,-,Y,A,M,G,W,F,R,Q,A,P,G,K,E,R,E,F,V,A,T,I,S,W,S,G,G,A,T,Y,Y,T,D,S,V,K,G,R,F,T,I,S,R,D,N,A,K,N,T,V,Y,L,Q,M,N,S,L,R,P,E,D,T,A,V,Y,Y,C,A,A,A,G,L,G,T,V,V,-,-,-,-,-,-,-,-,S,E,W,D,Y,D,Y,D,Y,W,G,Q,G,T,L,V,T,V,S,S
Simridarlimab,0,human,H,2.7e-50,160.9,0,131,human,IGHV3-66*01,0.80,IGHJ4*01,0.86,Q,V,Q,L,Q,E,S,G,G,G,L,V,Q,P,G,G,S,L,R,L,S,C,A,A,S,A,Y,T,I,S,R,-,-,N,S,M,G,W,F,R,Q,A,P,G,K,G,L,E,G,V,A,A,I,E,S,-,D,G,S,T,S,Y,S,D,S,V,K,G,R,F,T,I,S,L,D,N,S,K,N,T,L,Y,L,E,M,N,S,L,R,A,E,D,T,A,V,Y,Y,C,A,A,P,K,V,G,L,G,P,R,T,A,L,G,H,L,A,F,M,T,L,P,A,L,N,Y,W,G,Q,G,T,L,V,T,V,S,S
Sonelokimab1_1,0,human,H,2e-51,164.6,0,122,human,IGHV3-23*04,0.82,IGHJ4*01,0.93,D,V,Q,L,V,E,S,G,G,G,L,V,Q,P,G,G,S,L,R,L,S,C,A,A,S,G,R,T,F,S,S,-,-,Y,V,V,G,W,F,R,Q,A,P,G,K,E,R,E,F,I,G,A,I,S,G,S,G,E,S,I,Y,Y,A,V,S,E,K,G,R,F,T,I,S,R,D,N,S,K,N,T,L,Y,L,Q,M,N,S,L,R,P,E,D,T,A,V,Y,Y,C,T,A,D,Q,E,F,G,Y,-,-,-,-,-,-,-,-,-,-,L,R,F,G,R,S,E,Y,W,G,Q,G,T,L,V,T,V,S,S
Sonelokimab2,0,human,H,1.3e-51,165.2,0,121,human,IGHV3-23*04,0.85,IGHJ5*01,0.79,E,V,Q,L,V,E,S,G,G,G,L,V,Q,P,G,G,S,L,R,L,S,C,A,A,S,G,R,T,Y,D,-,-,-,-,A,M,G,W,L,R,Q,A,P,G,K,E,R,E,F,V,A,A,I,S,G,S,G,D,D,T,Y,Y,A,D,S,V,K,G,R,F,T,I,S,R,D,N,S,K,N,T,L,Y,L,Q,M,N,S,L,R,P,E,D,T,A,V,Y,Y,C,A,T,R,R,G,L,Y,Y,-,-,-,-,-,-,-,-,-,V,W,D,A,N,D,Y,E,N,W,G,Q,G,T,L,V,T,V,S,S
Surovatamig,0,human,H,1e-56,181.7,0,115,human,IGHV3-7*01,0.91,IGHJ4*01,0.93,E,V,Q,L,V,E,S,G,G,G,L,V,Q,P,G,G,S,L,R,L,S,C,A,A,S,G,F,S,F,S,D,-,-,F,W,M,S,W,V,R,Q,A,P,G,K,G,L,E,W,V,A,T,I,S,Q,A,G,S,E,K,D,Y,V,D,S,V,K,G,R,F,T,I,S,R,D,N,A,K,K,S,L,Y,L,Q,M,N,S,L,R,A,E,D,T,A,V,Y,Y,C,A,S,G,V,Y,-,-,-,-,-,-,-,-,-,-,-,-,-,-,-,-,-,S,F,D,Y,R,G,Q,G,T,L,V,T,V,S,S
Tarperprumig_1,0,human,H,1.4e-52,168.3,0,122,human,IGHV3-11*01,0.80,IGHJ4*01,0.93,Q,V,Q,L,V,E,S,G,G,G,L,V,K,P,G,G,S,L,R,L,S,C,A,A,S,G,R,P,V,S,N,-,-,Y,A,A,A,W,F,R,Q,A,P,G,K,E,R,E,F,V,S,A,I,N,W,-,Q,K,T,A,T,Y,A,D,S,V,K,G,R,F,T,I,S,R,D,N,A,K,N,S,L,Y,L,Q,M,N,S,L,R,A,E,D,T,A,V,Y,Y,C,A,A,V,F,R,V,V,A,-,-,-,-,-,-,-,-,-,P,K,T,Q,Y,D,Y,D,Y,W,G,Q,G,T,L,V,T,V,S,S
Tarperprumig_2,0,human,H,7.7e-50,159.5,0,118,human,IGHV3-23*01,0.79,IGHJ4*01,0.93,E,V,Q,L,L,E,S,G,G,G,L,V,Q,P,G,G,S,L,R,L,S,C,A,A,S,G,R,I,S,S,I,-,-,I,H,M,A,W,F,R,Q,A,P,G,K,E,R,E,L,V,S,E,I,S,R,-,V,G,T,T,V,Y,A,D,S,V,K,G,R,F,T,I,S,R,D,N,S,K,N,T,L,Y,L,Q,M,N,S,L,K,P,E,D,T,A,V,Y,Y,C,N,A,L,Q,Y,E,K,-,-,-,-,-,-,-,-,-,-,-,-,-,H,G,G,A,D,Y,W,G,Q,G,T,L,V,T,V,S,S
Tixentamig,0,human,H,2.5e-56,180.4,0,120,human,IGHV3-74*01,0.95,IGHJ6*01,0.71,E,V,Q,L,V,E,S,G,G,G,L,V,Q,P,G,G,S,L,R,L,S,C,A,A,S,G,F,T,F,S,S,-,-,Y,W,M,H,W,V,R,Q,V,P,G,K,G,L,V,W,V,S,R,I,S,S,D,A,S,R,T,I,Y,A,D,S,V,K,G,R,F,T,I,S,R,D,N,A,K,N,T,L,Y,L,Q,M,N,S,L,R,A,E,D,T,A,V,Y,Y,C,A,R,G,E,D,H,D,-,-,-,-,-,-,-,-,-,-,-,-,I,L,T,G,Y,P,I,R,G,Q,G,T,T,V,T,V,S,S
Vobarilizumab_1,0,human,H,4.8e-50,160.1,0,120,human,IGHV3-66*01,0.82,IGHJ4*01,0.86,E,V,Q,L,V,E,S,G,G,G,L,V,Q,P,G,G,S,L,R,L,S,C,A,A,S,G,S,V,F,K,I,-,-,N,V,M,A,W,Y,R,Q,A,P,G,K,G,R,E,L,V,A,G,I,I,S,-,G,G,S,T,S,Y,A,D,S,V,K,G,R,F,T,I,S,R,D,N,A,K,N,T,L,Y,L,Q,M,N,S,L,R,P,E,D,T,A,V,Y,Y,C,A,F,I,T,T,E,S,-,-,-,-,-,-,-,-,-,-,-,D,Y,D,L,G,R,R,Y,W,G,Q,G,T,L,V,T,V,S,S
IGHV3-7*01,0,human,H,1.4e-51,165.1,0,97,human,IGHV3-7*01,1.00,IGHJ2*01,0.00,E,V,Q,L,V,E,S,G,G,G,L,V,Q,P,G,G,S,L,R,L,S,C,A,A,S,G,F,T,F,S,S,-,-,Y,W,M,S,W,V,R,Q,A,P,G,K,G,L,E,W,V,A,N,I,K,Q,D,G,S,E,K,Y,Y,V,D,S,V,K,G,R,F,T,I,S,R,D,N,A,K,N,S,L,Y,L,Q,M,N,S,L,R,A,E,D,T,A,V,Y,Y,C,A,R,-,-,-,-,-,-,-,-,-,-,-,-,-,-,-,-,-,-,-,-,-,-,-,-,-,-,-,-,-,-,-,-,-,-,-
IGHV3-21*08,0,human,H,4.3e-51,163.5,0,96,human,IGHV3-21*08,1.00,IGHJ2*01,0.00,E,V,Q,L,V,E,S,G,G,G,L,V,K,P,G,G,S,L,R,L,S,C,A,A,S,G,F,T,F,S,S,-,-,Y,S,M,N,W,V,R,Q,A,P,G,K,G,L,E,W,V,S,S,I,S,S,-,S,S,Y,I,Y,Y,A,D,S,V,K,G,R,F,T,I,S,R,D,N,A,K,N,S,L,Y,L,Q,M,N,S,L,R,A,E,D,T,A,V,Y,Y,C,A,R,-,-,-,-,-,-,-,-,-,-,-,-,-,-,-,-,-,-,-,-,-,-,-,-,-,-,-,-,-,-,-,-,-,-,-
IGHV3-23*01,0,human,H,4.9e-52,166.5,0,97,human,IGHV3-23*01,1.00,IGHJ2*01,0.00,E,V,Q,L,L,E,S,G,G,G,L,V,Q,P,G,G,S,L,R,L,S,C,A,A,S,G,F,T,F,S,S,-,-,Y,A,M,S,W,V,R,Q,A,P,G,K,G,L,E,W,V,S,A,I,S,G,S,G,G,S,T,Y,Y,A,D,S,V,K,G,R,F,T,I,S,R,D,N,S,K,N,T,L,Y,L,Q,M,N,S,L,R,A,E,D,T,A,V,Y,Y,C,A,K,-,-,-,-,-,-,-,-,-,-,-,-,-,-,-,-,-,-,-,-,-,-,-,-,-,-,-,-,-,-,-,-,-,-,-
IGHV3-23*03,0,human,H,3.5e-52,167.0,0,97,human,IGHV3-23*03,1.00,IGHJ2*01,0.00,E,V,Q,L,L,E,S,G,G,G,L,V,Q,P,G,G,S,L,R,L,S,C,A,A,S,G,F,T,F,S,S,-,-,Y,A,M,S,W,V,R,Q,A,P,G,K,G,L,E,W,V,S,V,I,Y,S,G,G,S,S,T,Y,Y,A,D,S,V,K,G,R,F,T,I,S,R,D,N,S,K,N,T,L,Y,L,Q,M,N,S,L,R,A,E,D,T,A,V,Y,Y,C,A,K,-,-,-,-,-,-,-,-,-,-,-,-,-,-,-,-,-,-,-,-,-,-,-,-,-,-,-,-,-,-,-,-,-,-,-
IGHV3-23*04,0,human,H,1.4e-52,168.3,0,97,human,IGHV3-23*04,1.00,IGHJ2*01,0.00,E,V,Q,L,V,E,S,G,G,G,L,V,Q,P,G,G,S,L,R,L,S,C,A,A,S,G,F,T,F,S,S,-,-,Y,A,M,S,W,V,R,Q,A,P,G,K,G,L,E,W,V,S,A,I,S,G,S,G,G,S,T,Y,Y,A,D,S,V,K,G,R,F,T,I,S,R,D,N,S,K,N,T,L,Y,L,Q,M,N,S,L,R,A,E,D,T,A,V,Y,Y,C,A,K,-,-,-,-,-,-,-,-,-,-,-,-,-,-,-,-,-,-,-,-,-,-,-,-,-,-,-,-,-,-,-,-,-,-,-
IGHV3-23*05,0,human,H,1.8e-52,168.0,0,97,human,IGHV3-23*03,0.98,IGHJ2*01,0.00,E,V,Q,L,L,E,S,G,G,G,L,V,Q,P,G,G,S,L,R,L,S,C,A,A,S,G,F,T,F,S,S,-,-,Y,A,M,S,W,V,R,Q,A,P,G,K,G,L,E,W,V,S,A,I,Y,S,S,G,S,S,T,Y,Y,A,D,S,V,K,G,R,F,T,I,S,R,D,N,S,K,N,T,L,Y,L,Q,M,N,S,L,R,A,E,D,T,A,V,Y,Y,C,A,K,-,-,-,-,-,-,-,-,-,-,-,-,-,-,-,-,-,-,-,-,-,-,-,-,-,-,-,-,-,-,-,-,-,-,-
IGHV3-43*02,0,human,H,3e-51,164.0,0,97,human,IGHV3-43*02,0.99,IGHJ2*01,0.00,E,V,Q,L,V,E,S,G,G,G,V,V,Q,P,G,G,S,L,R,L,S,C,A,A,S,G,F,T,F,D,D,-,-,Y,A,M,H,W,V,R,Q,A,P,G,K,G,L,E,W,V,S,L,I,S,G,D,G,G,S,T,Y,Y,A,D,S,V,K,G,R,F,T,I,S,R,D,N,S,K,N,S,L,Y,L,Q,M,N,S,L,R,T,E,D,T,A,L,Y,Y,C,A,K,-,-,-,-,-,-,-,-,-,-,-,-,-,-,-,-,-,-,-,-,-,-,-,-,-,-,-,-,-,-,-,-,-,-,-
IGHV3-53*01,0,human,H,1.4e-51,165.1,0,96,human,IGHV3-53*01,1.00,IGHJ2*01,0.00,E,V,Q,L,V,E,S,G,G,G,L,I,Q,P,G,G,S,L,R,L,S,C,A,A,S,G,F,T,V,S,S,-,-,N,Y,M,S,W,V,R,Q,A,P,G,K,G,L,E,W,V,S,V,I,Y,S,-,G,G,S,T,Y,Y,A,D,S,V,K,G,R,F,T,I,S,R,D,N,S,K,N,T,L,Y,L,Q,M,N,S,L,R,A,E,D,T,A,V,Y,Y,C,A,R,-,-,-,-,-,-,-,-,-,-,-,-,-,-,-,-,-,-,-,-,-,-,-,-,-,-,-,-,-,-,-,-,-,-,-
IGHV3-66*01,0,human,H,6.1e-52,166.3,0,96,human,IGHV3-66*01,1.00,IGHJ2*01,0.00,E,V,Q,L,V,E,S,G,G,G,L,V,Q,P,G,G,S,L,R,L,S,C,A,A,S,G,F,T,V,S,S,-,-,N,Y,M,S,W,V,R,Q,A,P,G,K,G,L,E,W,V,S,V,I,Y,S,-,G,G,S,T,Y,Y,A,D,S,V,K,G,R,F,T,I,S,R,D,N,S,K,N,T,L,Y,L,Q,M,N,S,L,R,A,E,D,T,A,V,Y,Y,C,A,R,-,-,-,-,-,-,-,-,-,-,-,-,-,-,-,-,-,-,-,-,-,-,-,-,-,-,-,-,-,-,-,-,-,-,-
IGHV3-66*03,0,human,H,2.3e-51,164.4,0,96,human,IGHV3-66*03,1.00,IGHJ2*01,0.00,E,V,Q,L,V,E,S,G,G,G,L,I,Q,P,G,G,S,L,R,L,S,C,A,A,S,G,F,T,V,S,S,-,-,N,Y,M,S,W,V,R,Q,A,P,G,K,G,L,E,W,V,S,V,I,Y,S,-,C,G,S,T,Y,Y,A,D,S,V,K,G,R,F,T,I,S,R,D,N,S,K,N,T,L,Y,L,Q,M,N,S,L,R,A,E,D,T,A,V,Y,Y,C,A,R,-,-,-,-,-,-,-,-,-,-,-,-,-,-,-,-,-,-,-,-,-,-,-,-,-,-,-,-,-,-,-,-,-,-,-
IGHV3-69-1*01,0,human,H,1.8e-51,164.8,0,96,human,IGHV3-21*08,0.97,IGHJ2*01,0.00,E,V,Q,L,V,E,S,G,G,G,L,V,K,P,G,G,S,L,R,L,S,C,A,A,S,G,F,T,F,S,D,-,-,Y,Y,M,N,W,V,R,Q,A,P,G,K,G,L,E,W,V,S,S,I,S,S,-,S,S,T,I,Y,Y,A,D,S,V,K,G,R,F,T,I,S,R,D,N,A,K,N,S,L,Y,L,Q,M,N,S,L,R,A,E,D,T,A,V,Y,Y,C,A,R,-,-,-,-,-,-,-,-,-,-,-,-,-,-,-,-,-,-,-,-,-,-,-,-,-,-,-,-,-,-,-,-,-,-,-
IGHV3-74*01,0,human,H,7.2e-52,166.0,0,97,human,IGHV3-74*01,1.00,IGHJ2*01,0.00,E,V,Q,L,V,E,S,G,G,G,L,V,Q,P,G,G,S,L,R,L,S,C,A,A,S,G,F,T,F,S,S,-,-,Y,W,M,H,W,V,R,Q,A,P,G,K,G,L,V,W,V,S,R,I,N,S,D,G,S,S,T,S,Y,A,D,S,V,K,G,R,F,T,I,S,R,D,N,A,K,N,T,L,Y,L,Q,M,N,S,L,R,A,E,D,T,A,V,Y,Y,C,A,R,-,-,-,-,-,-,-,-,-,-,-,-,-,-,-,-,-,-,-,-,-,-,-,-,-,-,-,-,-,-,-,-,-,-,-
IGHV3-74*03,0,human,H,7.2e-52,166.0,0,97,human,IGHV3-74*03,1.00,IGHJ2*01,0.00,E,V,Q,L,V,E,S,G,G,G,L,V,Q,P,G,G,S,L,R,L,S,C,A,A,S,G,F,T,F,S,S,-,-,Y,W,M,H,W,V,R,Q,A,P,G,K,G,L,V,W,V,S,R,I,N,S,D,G,S,S,T,T,Y,A,D,S,V,K,G,R,F,T,I,S,R,D,N,A,K,N,T,L,Y,L,Q,M,N,S,L,R,A,E,D,T,A,V,Y,Y,C,A,R,-,-,-,-,-,-,-,-,-,-,-,-,-,-,-,-,-,-,-,-,-,-,-,-,-,-,-,-,-,-,-,-,-,-,-
